video_name,cause_text,emotion_text,timestamp_range
22-001.mp4,"I just thought maybe you'd like to film more at home, you know?",Yeah!,"00:00:23,000 --> 00:00:38,000"
22-002.mp4,"I just thought maybe you'd like to film more at home, you know?",Holy moly!,"00:00:23,000 --> 00:00:39,000"
22-003.mp4,I don't even know how you knew that I went to jail.,Yeah!,"00:00:29,000 --> 00:00:38,000"
22-004.mp4,I don't even know how you knew that I went to jail.,Holy moly!,"00:00:29,000 --> 00:00:39,000"
22-005.mp4,They said she had a mean flow.,I like that one.,"00:03:55,000 --> 00:04:02,000"
22-006.mp4,Because the white guy actually did it?,Oh.,"00:04:23,000 --> 00:04:28,000"
22-007.mp4,It's when the devil tells the priest to get out of the child.,Oh.,"00:05:12,000 --> 00:05:19,000"
22-008.mp4,One sharks between here and fish her with two.,Yeah!,"00:06:34,000 --> 00:06:43,000"
22-009.mp4,One sharks between here and fish her with two.,Yeah!,"00:06:34,000 --> 00:06:43,000"
22-010.mp4,Mm-hmm.,It's clever.,"00:08:55,000 --> 00:08:59,000"
22-011.mp4,"I wanted to say, if you just need to be resting and be bee on your belly.","Yeah, be good, it's so good.","00:09:56,000 --> 00:10:01,000"
22-012.mp4,South of Lanzadil.,"Yeah, nice one.","00:12:42,000 --> 00:12:46,000"
22-013.mp4,Via lockdown.,"Oh, it's like LinkedIn.","00:13:39,000 --> 00:13:44,000"
22-014.mp4,What are you called children born in a whole house?,Brothel sprouts.,"00:13:57,000 --> 00:14:03,000"
22-015.mp4,Brothel sprouts.,That's good.,"00:14:01,000 --> 00:14:12,000"
22-016.mp4,"Thank you, Shar, though, because that was a love apparently.",That was funny.,"00:14:40,000 --> 00:14:45,000"
22-017.mp4,Loading the dishwasher.,That's not funny.,"00:15:26,000 --> 00:15:36,000"
22-018.mp4,That's not funny.,That's terrible.,"00:15:34,000 --> 00:15:40,000"
22-019.mp4,That's terrible.,I love stepmother porn.,"00:15:38,000 --> 00:15:56,000"
23-001.mp4,"OK, well, cheers to my funny joke.",Um...,"00:01:27,599 --> 00:01:33,599"
23-002.mp4,...saying he could disappear by counting to three.,Poo!,"00:01:35,599 --> 00:01:42,599"
23-003.mp4,So why wouldn't they let the dog in the UFC?,Because his bark was worse than his bite.,"00:03:50,599 --> 00:03:57,599"
23-004.mp4,So why wouldn't they let the dog in the UFC? Because his bark was worse than his bite.,"Everyone's like, I didn't kill it.","00:03:50,599 --> 00:04:04,599"
23-005.mp4,Have you seen the movie about a little fish with cancer?,I had that so bad!,"00:06:46,600 --> 00:06:55,600"
23-006.mp4,That was great.,That was so great!,"00:07:47,600 --> 00:08:14,600"
23-007.mp4,That was so great!,I was so surprised.,"00:08:13,600 --> 00:08:17,600"
23-008.mp4,That was so great!,I was so surprised.,"00:08:13,600 --> 00:08:17,600"
23-009.mp4,"I'm sorry, but that was fun.",Holy shit!,"00:11:21,600 --> 00:11:26,600"
23-010.mp4,What type of bus crossed the ocean?,"That's... that's it. That's still the bus, boss.","00:11:37,600 --> 00:11:47,600"
23-011.mp4,You're just winning.,I can't.,"00:14:20,600 --> 00:14:27,600"
23-012.mp4,Clam media.,Um...,"00:14:41,600 --> 00:15:00,600"
23-013.mp4,"And then he comes on and gives the worst, best performance ever.",Oh my god.,"00:16:21,600 --> 00:16:27,600"
23-014.mp4,"Hey, welcome.",Go Payton!,"00:19:52,599 --> 00:19:58,599"
24-001.mp4,"It's good to see you, man.",Likewise.,"00:00:32,000 --> 00:00:34,000"
24-002.mp4,I changed.,Whoa!,"00:01:16,000 --> 00:01:18,000"
24-003.mp4,so you can keep up with the movies and TV shows that you enjoy.,That's amazing.,"00:02:46,000 --> 00:02:50,000"
24-004.mp4,"Because every time they get a corner, they open a restaurant.","You know, like...","00:04:55,000 --> 00:05:03,000"
24-005.mp4,What do you call a Chinese guy with a camera?,Filming!,"00:07:01,000 --> 00:07:06,000"
24-006.mp4,Filming!,Oh!,"00:07:05,000 --> 00:07:07,000"
24-007.mp4,"And I thought to myself,","Huh, that's a good deal.","00:08:00,000 --> 00:08:04,000"
24-008.mp4,I thought she was joking.,Yeah.,"00:08:35,000 --> 00:08:38,000"
24-009.mp4,But then I saw her face.,And I'm a believer.,"00:08:38,000 --> 00:08:43,000"
24-010.mp4,"Ellen, would you believe the doctor told me I had to stop masturbating?","And he said, because I'm trying to examine you.","00:09:07,000 --> 00:09:15,000"
24-011.mp4,Why are chickens so funny?,Nice.,"00:11:25,000 --> 00:11:37,000"
24-012.mp4,Are you a pothole?,"That was great, I think.","00:11:57,000 --> 00:12:01,000"
24-013.mp4,"That's funny, Steve.",That's a good idea.,"00:12:13,000 --> 00:12:33,000"
24-014.mp4,"Yeah, I could tell.",Because they're good.,"00:13:39,000 --> 00:13:43,000"
24-015.mp4,Because they're good.,"The sex is the same, but the dishes start to pile up.","00:13:41,000 --> 00:13:53,000"
24-016.mp4,That's so much.,That's so good.,"00:15:52,000 --> 00:15:58,000"
24-017.mp4,Quiet horse.,That's great.,"00:18:13,000 --> 00:18:21,000"
24-018.mp4,Quiet horse who?,That's great.,"00:18:14,000 --> 00:18:21,000"
24-019.mp4,"For anyone who missed that, I'll just broke the chair by being fat.","Oh, my God.","00:20:30,000 --> 00:20:44,000"
24-020.mp4,Talk about transistor radio.,"Wow, you really have a knack of playing with words amazing.","00:22:50,000 --> 00:23:02,000"
24-021.mp4,You were in the video.,Diffin' Abby. Are you serious?,"00:24:19,000 --> 00:24:24,000"
24-022.mp4,He's where I write myself.,Yeah!,"00:25:39,000 --> 00:25:43,000"
24-023.mp4,What did the Terminator say at the grocery store,Oh!,"00:25:51,000 --> 00:26:04,000"
24-024.mp4,What did the Terminator say at the grocery store,Oh!,"00:25:51,000 --> 00:26:06,000"
24-025.mp4,What did the Terminator say at the grocery store,Oh!,"00:25:51,000 --> 00:26:08,000"
24-026.mp4,Because he's smashing balls.,Oh my god.,"00:28:31,000 --> 00:29:05,000"
24-027.mp4,He's so funny.,Oh my god.,"00:27:51,000 --> 00:29:05,000"
25-005.mp4,That was pretty good. That was good. That was good.,Yeah.,"00:03:28,479 --> 00:03:32,479"
25-006.mp4,"And she went, thanks for the bag, Dad.",Oh!,"00:03:45,479 --> 00:03:50,479"
25-007.mp4,Oh!,That was so good.,"00:03:48,479 --> 00:03:52,479"
25-008.mp4,The seat.,"Oh, yes, yes.","00:04:24,480 --> 00:04:28,480"
25-009.mp4,What?,The seat.,"00:04:24,480 --> 00:04:26,480"
25-010.mp4,The seat.,"Oh, yes, yes.","00:04:25,480 --> 00:04:28,480"
25-011.mp4,Non binary.,That's good.,"00:04:45,480 --> 00:04:50,480"
25-012.mp4,You had a four-kilo four-skit.,"Oh, thank you.","00:05:40,480 --> 00:05:45,480"
25-013.mp4,"Oh, thank you.","It's four kilos, but it's very small.","00:05:43,480 --> 00:05:48,480"
25-014.mp4,It was a shitsoo.,"Yeah, I got to take that.","00:07:44,480 --> 00:07:49,480"
25-015.mp4,It was a shitsoo.,I'll take that.,"00:07:44,480 --> 00:07:50,480"
25-016.mp4,It was a shitsoo.,That's good.,"00:07:44,480 --> 00:07:51,480"
25-017.mp4,I'm back baby.,Oh yeah.,"00:08:08,480 --> 00:08:10,480"
25-018.mp4,He's not allowed any bishops.,He's back baby.,"00:08:49,480 --> 00:08:51,480"
25-019.mp4,He's not allowed any bishops.,That's a pretty good joke.,"00:08:47,480 --> 00:08:53,480"
25-020.mp4,I guess I winged the Wong number.,"That was so funny, man.","00:10:38,840 --> 00:10:46,559"
25-021.mp4,"That was so funny, man.",That was good.,"00:10:44,559 --> 00:10:48,559"
25-022.mp4,That was good.,"That was really good, man.","00:10:46,559 --> 00:10:53,559"
25-023.mp4,"That was really good, man.",That was amazing.,"00:10:50,559 --> 00:10:54,559"
25-024.mp4,You loved it.,I loved it because we were so dumb.,"00:10:57,559 --> 00:11:00,559"
25-025.mp4,I guess I winged the Wong number.,"That was so funny, man.","00:10:38,840 --> 00:10:46,559"
25-026.mp4,I loved it because we were so dumb.,That was cool.,"00:10:58,559 --> 00:11:08,559"
25-027.mp4,Michael Phelps can finish a race.,"Oh, my God.","00:11:14,559 --> 00:11:19,559"
25-028.mp4,You said I touch kids with their own hands.,"Okay, you made me laugh, son.","00:12:48,559 --> 00:12:53,559"
25-029.mp4,You said I touch kids with their own hands.,"Okay, you made me laugh, son.","00:12:48,559 --> 00:12:53,559"
25-030.mp4,"Okay, you made me laugh, son.",I love that.,"00:12:51,559 --> 00:12:57,559"
25-031.mp4,Is that what you're doing?,"Yeah, this is great.","00:13:09,559 --> 00:13:11,559"
25-032.mp4,"Yeah, this is great.","Yeah, this is fun.","00:13:10,559 --> 00:13:12,559"
25-033.mp4,What do you call a line of people at a gay bar?,That was great.,"00:13:23,559 --> 00:13:33,559"
25-034.mp4,This is the craziest one.,I don't think I've been on a crazy...,"00:13:05,559 --> 00:13:09,559"
25-035.mp4,Is that what you're doing?,"Yeah, this is great.","00:13:09,559 --> 00:13:11,559"
25-036.mp4,"Yeah, this is great.","Yeah, this is fun.","00:13:10,559 --> 00:13:12,559"
25-037.mp4,What do you call a line of people at a gay bar?,An LGBTQ?,"00:13:23,559 --> 00:13:29,559"
25-038.mp4,That was great.,That was great.,"00:13:30,559 --> 00:13:34,559"
25-039.mp4,That was great.,That was great.,"00:13:33,559 --> 00:13:35,559"
25-040.mp4,That was great.,That was great.,"00:13:34,559 --> 00:13:36,559"
25-041.mp4,That was great.,"No, it's good.","00:13:35,559 --> 00:13:37,559"
25-042.mp4,"A sleep, because that motherfucker's dreaming.",Oh my God.,"00:14:27,559 --> 00:14:32,559"
25-043.mp4,What do you call a white man with a big ***?,Michael Jackson.,"00:14:52,559 --> 00:14:56,559"
25-044.mp4,Michael Jackson.,Hee hee.,"00:14:55,559 --> 00:14:57,559"
25-045.mp4,I can't believe it.,Oh yeah!,"00:14:58,559 --> 00:15:06,559"
25-046.mp4,Oh yeah!,Woo!,"00:15:03,559 --> 00:15:07,559"
25-047.mp4,Woo!,Yeah!,"00:15:06,559 --> 00:15:08,559"
25-048.mp4,Another white woman winning in life.,Fuck yes.,"00:15:08,559 --> 00:15:16,559"
25-049.mp4,Michael Jackson.,Oh yeah!,"00:14:55,559 --> 00:15:06,559"
25-050.mp4,I can't believe it.,Oh yeah!,"00:14:58,559 --> 00:15:06,559"
25-051.mp4,Another white woman winning in life.,Fuck yes.,"00:15:08,559 --> 00:15:16,559"
26-003.mp4,Oh!,"This is the title of this work, though.","00:01:46,840 --> 00:01:49,840"
26-004.mp4,What do you call a rooster that's not good at maths?,A math and a chicken.,"00:02:25,360 --> 00:02:33,360"
26-005.mp4,A disappointment?,A math and a chicken.,"00:02:29,360 --> 00:02:33,360"
26-006.mp4,You're not a chicken.,I'm not. Thank you.,"00:02:54,360 --> 00:02:57,360"
26-007.mp4,You're telling me I don't have to worry about nicks or cuts?,Mm-hmm.,"00:04:45,360 --> 00:04:49,360"
26-008.mp4,What?,Yogurt grows a culture if you leave it alone for 200 years.,"00:05:47,360 --> 00:05:52,360"
26-009.mp4,Oh!,you're just talking to your Uber driver?,"00:05:52,360 --> 00:06:14,360"
26-010.mp4,No!,I don't know why.,"00:06:14,360 --> 00:06:33,360"
26-011.mp4,Five stars with a joke in there.,No!,"00:06:16,360 --> 00:06:21,360"
26-012.mp4,"Yeah, I love it.",Oh!,"00:06:33,360 --> 00:06:40,360"
26-021.mp4,Oh!,"Oh, my God.","00:08:38,360 --> 00:08:41,360"
26-026.mp4,LAUGHTER,"We love you, Peyton.","00:09:58,360 --> 00:10:01,360"
26-047.mp4,That's really good.,Oh my god.,"00:14:07,360 --> 00:14:13,360"
26-048.mp4,A test tickle.,That's good.,"00:15:00,360 --> 00:15:07,360"
26-049.mp4,"I just want to be like you, Seth.",Oh my god.,"00:14:46,360 --> 00:14:54,360"
26-050.mp4,A test tickle.,That's good.,"00:14:59,360 --> 00:15:07,360"
26-051.mp4,How did you know? I actually did have toast this morning.,Yeah!,"00:15:46,360 --> 00:15:55,360"
26-052.mp4,I broke up with a girl who wanted to go to the gym together. I just couldn't see us working out.,What's cute?,"00:16:26,360 --> 00:16:37,360"
26-055.mp4,Not me.,"You got the my daughter, Wendy!","00:17:19,359 --> 00:17:25,359"
26-058.mp4,LAUGHTER,"That was a good joke, Kaded.","00:17:35,359 --> 00:17:39,359"
26-061.mp4,Ravagy.,Yeah!,"00:17:49,359 --> 00:17:55,359"
26-063.mp4,"No, I was so good.",Yeah!,"00:18:31,359 --> 00:18:35,359"
26-065.mp4,"No, I was so good.",Yeah!,"00:18:31,359 --> 00:18:35,359"
27-001.mp4,You made it!,That's awesome!,"00:00:22,519 --> 00:00:24,199"
27-002.mp4,You finally made it.,That's awesome!,"00:00:22,519 --> 00:00:25,199"
27-003.mp4,"Yeah, glad to finally be here.",I'm so excited to be here too.,"00:00:46,200 --> 00:00:52,200"
27-004.mp4,Why is parking a car like finding a girlfriend?,So you just stick it in the disabled one and hope no one finds out. Ah!,"00:02:24,199 --> 00:02:36,199"
27-005.mp4,Why is parking a car like finding a girlfriend?,Ah!,"00:02:24,199 --> 00:02:36,199"
27-006.mp4,What do you call a guy with no arms? And no legs and sits at your front door?,Matt.,"00:03:45,199 --> 00:03:53,199"
27-007.mp4,How do you get Pikachu on a bus?,I'm a smiling.,"00:04:31,199 --> 00:04:41,199"
27-008.mp4,You poke him on.,I'm a smiling.,"00:04:33,199 --> 00:04:41,199"
27-009.mp4,You're gonna laugh.,I think it's a laugh that is making me laugh.,"00:07:24,199 --> 00:07:31,599"
27-010.mp4,Got him.,That's a cool one.,"00:07:31,599 --> 00:07:36,599"
27-011.mp4,What do you get when you cross Timmy and a disco ball?,A shimmy.,"00:09:24,600 --> 00:09:28,600"
27-012.mp4,They both love Kinder.,Love that.,"00:10:53,600 --> 00:11:03,600"
27-013.mp4,It wasn't an elevator.,Nice.,"00:11:49,600 --> 00:11:59,600"
27-014.mp4,What is her son Mavin Laden's favorite drink?,"Oh, that's right.","00:13:25,600 --> 00:13:35,600"
27-015.mp4,"You're lovely, Jimmy.","Oh my god, Jimmy.","00:14:29,600 --> 00:14:33,600"
27-016.mp4,Special forces.,"Okay, well I laughed at the start.","00:15:35,600 --> 00:16:09,600"
27-017.mp4,"Hey, I'm Rory Lowe and I'm a comedian.",Oh my god.,"00:16:27,600 --> 00:16:31,600"
28-001.mp4,Because parrots eat a ball.,Ha ha!,"00:01:23,799 --> 00:01:28,760"
28-002.mp4,"No, I did it! I did it!",She is to your face.,"00:02:23,319 --> 00:02:30,319"
28-003.mp4,"No, I did it! I did it!",Cool.,"00:02:23,319 --> 00:02:50,319"
28-004.mp4,"Me, apparently.",That is so funny.,"00:03:58,319 --> 00:04:03,319"
28-005.mp4,"Me, apparently.",That is so funny.,"00:03:58,319 --> 00:04:03,319"
28-006.mp4,To get to the idiot's house.,Who's there?,"00:04:37,319 --> 00:04:44,319"
28-007.mp4,Who's there?,You're an idiot.,"00:04:43,319 --> 00:04:50,319"
28-008.mp4,This is so bad.,I loved it.,"00:05:00,319 --> 00:05:02,319"
28-009.mp4,This is so bad.,I loved it.,"00:05:00,319 --> 00:05:02,319"
28-010.mp4,That was great.,Thank you.,"00:05:41,319 --> 00:05:43,319"
28-011.mp4,I said the same thing.,That was so funny.,"00:06:29,319 --> 00:06:34,319"
28-012.mp4,"Yeah, we both laughed.",Everyone had a great time.,"00:06:53,319 --> 00:06:59,319"
28-013.mp4,And there was a Joyce occasion.,Everyone had a great time.,"00:06:56,319 --> 00:06:59,319"
28-014.mp4,We did it.,We did it.,"00:09:24,320 --> 00:09:28,320"
28-015.mp4,This is great content guys.,We're going great.,"00:12:37,320 --> 00:12:43,320"
28-016.mp4,That socked.,That's way better.,"00:14:55,320 --> 00:15:08,320"
28-017.mp4,"That was good, Matt. That was great.","Thank you, Seth. I love you.","00:15:06,320 --> 00:15:10,320"
28-018.mp4,God bless America.,Awesome.,"00:17:34,319 --> 00:17:40,319"
28-019.mp4,God bless America.,Awesome.,"00:17:33,319 --> 00:17:40,319"
29-001.mp4,Rory who sucks.,That's it.,"00:06:55,920 --> 00:07:00,920"
29-002.mp4,That's good. Thank you.,"Okay, we're going to play.","00:06:46,920 --> 00:06:50,920"
29-003.mp4,One gives me a foot long and the other gives me only six inches.,I'm laughing and fucking packed with that.,"00:08:23,920 --> 00:08:45,920"
29-004.mp4,He's really blowing up on the music scene.,"Oh, my God.","00:10:25,919 --> 00:10:55,919"
29-005.mp4,I got to go backstage. And he's a really cool guy.,He actually gave me a jumper that he made himself. I was so impressed.,"00:13:27,919 --> 00:13:34,919"
29-006.mp4,"And he says, oh babe, let's put the conflict back in the pack-in.","Oh, okay, that was good.","00:15:37,919 --> 00:15:51,919"
29-007.mp4,what do you call a dinosaur that crashes a bus?,This is funny.,"00:18:36,920 --> 00:18:55,920"
30-001.mp4,Have you heard of the new Russian movie streaming service?,Nyetflix.,"00:01:01,199 --> 00:01:08,200"
30-002.mp4,"So technically, Mary had a little Lamb.",That was really good.,"00:02:17,199 --> 00:02:23,199"
30-003.mp4,"I love an accent, I love it.","Oh, cute.","00:03:19,199 --> 00:03:33,199"
30-004.mp4,"Oh, cute.",Is that real?,"00:03:31,199 --> 00:03:35,199"
30-005.mp4,The sound they make when you're nailing him.,"Oh, my God.","00:04:15,199 --> 00:04:19,199"
30-006.mp4,He is deletus.,That's good.,"00:04:49,199 --> 00:04:59,199"
30-007.mp4,That's good.,I like that.,"00:04:57,199 --> 00:05:01,199"
30-008.mp4,Because he always punches people in the faith.,I like you.,"00:06:03,199 --> 00:06:17,199"
30-009.mp4,Beedeth deletus.,That's good.,"00:04:55,199 --> 00:04:59,199"
30-010.mp4,That's good.,I like that.,"00:04:57,199 --> 00:05:01,199"
30-011.mp4,Beedeth deletus.,I like this one.,"00:05:01,199 --> 00:05:05,199"
30-012.mp4,What?,A fruit roll up.,"00:07:11,199 --> 00:07:15,199"
30-013.mp4,A fruit roll up.,Oh my god.,"00:07:13,199 --> 00:07:19,199"
30-014.mp4,Oh my god.,Oh my god.,"00:07:17,199 --> 00:07:21,199"
30-015.mp4,It's right up my alley.,You laugh.,"00:08:07,199 --> 00:08:33,200"
30-016.mp4,I know.,Yeah.,"00:09:11,200 --> 00:09:17,200"
30-017.mp4,To beat the crowd?,Yeah.,"00:09:21,200 --> 00:09:27,200"
30-018.mp4,A car key doesn't turn pad on.,That was good.,"00:09:51,200 --> 00:09:57,200"
30-019.mp4,Covid-9-11.,Oh my god.,"00:10:11,200 --> 00:10:17,200"
30-020.mp4,That was a good joke.,I love.,"00:11:27,200 --> 00:11:31,200"
30-021.mp4,That was a good joke.,I love.,"00:11:27,200 --> 00:11:31,200"
30-022.mp4,That's funny. That's good.,Do do do do do do do do do.,"00:13:42,200 --> 00:13:46,200"
30-023.mp4,They were polyphonic.,That's funny. That's good.,"00:13:39,200 --> 00:13:44,200"
30-024.mp4,What did the cops say when they shot a ginger person? What?,I guess orange is the new black.,"00:14:32,200 --> 00:14:42,200"
30-025.mp4,I guess orange is the new black.,That's great. That's good.,"00:14:40,200 --> 00:14:51,200"
30-026.mp4,What happens when the Pope goes to the toilet?,Holy shit!,"00:14:33,200 --> 00:14:35,200"
31-001.mp4,Oh!,He was there!,"00:00:24,000 --> 00:00:27,000"
31-002.mp4,"You look like two shops in here, my god.",It's so funny.,"00:03:13,000 --> 00:03:16,000"
31-003.mp4,"You look like two shops in here, my god.",It's so funny.,"00:03:13,000 --> 00:03:16,000"
31-004.mp4,"I think they got confused when I said, I want to watch.",That's pretty good.,"00:03:30,000 --> 00:03:38,000"
31-005.mp4,That's pretty good.,It's really good.,"00:03:37,000 --> 00:03:39,000"
31-006.mp4,It's really good.,I love it.,"00:03:38,000 --> 00:03:40,000"
31-007.mp4,Pick a asshole.,That's good. That's a good one.,"00:04:22,000 --> 00:04:31,000"
31-008.mp4,What happened?,"Oh, it's funny.","00:04:31,000 --> 00:04:35,000"
31-009.mp4,Pick a asshole.,That's good. That's a good one.,"00:04:21,000 --> 00:04:31,000"
31-010.mp4,That's good. That's a good one.,"Oh, it's funny.","00:04:28,000 --> 00:04:35,000"
31-011.mp4,Never been laid on.,That's pretty good.,"00:06:02,000 --> 00:06:07,000"
31-012.mp4,Boo-bees.,That's funny.,"00:07:17,039 --> 00:07:20,039"
31-013.mp4,Boo-bees.,That's funny.,"00:07:11,039 --> 00:07:20,039"
31-014.mp4,A wet nose.,That's pretty funny.,"00:07:48,040 --> 00:07:54,040"
31-015.mp4,That's pretty funny.,That's great.,"00:07:50,040 --> 00:07:57,040"
31-016.mp4,That's great.,This is so much fun.,"00:07:54,040 --> 00:07:58,040"
31-017.mp4,This is so much fun.,"Yeah, I really enjoy this.","00:07:57,040 --> 00:07:59,040"
31-018.mp4,A wet nose.,That's great.,"00:07:48,040 --> 00:07:57,040"
31-019.mp4,Because Mad Cow Disease was already taken.,"Oh, my God.","00:10:24,679 --> 00:10:32,759"
31-020.mp4,"Because once he put in, he doesn't pull out.",Topical.,"00:10:36,759 --> 00:10:41,599"
31-021.mp4,Kick his sister in the jaw.,"Oh, my God.","00:10:49,120 --> 00:10:52,759"
31-022.mp4,"He was saying, selling snow white.",Not bad.,"00:11:00,599 --> 00:11:08,919"
31-023.mp4,"He was saying, selling snow white.",I really like that one.,"00:11:00,599 --> 00:11:10,279"
31-024.mp4,"So I replied, boobs.","My pun client was funny, huh?","00:11:29,199 --> 00:11:34,199"
31-025.mp4,"So I replied, boobs.","My pun client was funny, huh?","00:11:29,199 --> 00:11:34,199"
31-026.mp4,The wheelchair.,"Yeah, nice. All right, look at that one out.","00:11:50,079 --> 00:11:53,799"
31-027.mp4,South.,I did laugh.,"00:12:15,599 --> 00:12:36,799"
31-028.mp4,I did laugh.,I'm not a pervert.,"00:12:35,799 --> 00:12:37,799"
31-029.mp4,He's the only one without a boughner.,I love you together.,"00:13:32,279 --> 00:14:05,279"
31-030.mp4,I love you together.,Cheers.,"00:14:21,279 --> 00:14:24,279"
31-031.mp4,It's invisible.,"Yeah, this is great.","00:16:03,279 --> 00:16:05,279"
31-032.mp4,It's invisible.,"Yeah, this is great.","00:16:03,279 --> 00:16:04,279"
31-033.mp4,Two bees in a bottle.,That's funny.,"00:16:12,279 --> 00:16:18,279"
31-034.mp4,What do you call a woman herfuses to give head?,Hahaha.,"00:16:36,279 --> 00:16:44,279"
31-035.mp4,"I'm the only brown comedian on this fucking show, okay?","Oh my god, I'm so good.","00:17:04,279 --> 00:17:13,759"
31-036.mp4,An oba.,Hahaha.,"00:16:40,279 --> 00:16:44,279"
32-001.mp4,That's a really good one.,That's too funny.,"00:00:17,879 --> 00:00:23,400"
32-002.mp4,Because a good flush beat a full house every time.,Oh!,"00:00:54,359 --> 00:01:01,359"
32-003.mp4,"A bunch of fucking vegetables, man.",Oh!,"00:01:53,359 --> 00:01:56,359"
32-004.mp4,"A bunch of fucking vegetables, man.",Oh!,"00:01:53,359 --> 00:01:56,359"
32-005.mp4,That's a great joke.,That's a great joke.,"00:03:26,360 --> 00:03:30,360"
32-006.mp4,And get 20% off plus free international shipping when you use the promo code Yeah Mad.,Wow!,"00:04:59,360 --> 00:05:05,360"
32-007.mp4,A crib.,Good.,"00:05:42,360 --> 00:05:49,360"
32-008.mp4,Leave a plunger in a toilet.,"Oh, my God.","00:05:57,360 --> 00:06:03,360"
32-009.mp4,High five.,That's good.,"00:06:49,360 --> 00:06:54,360"
32-010.mp4,Spear parts.,Oh!,"00:07:45,360 --> 00:07:51,360"
32-011.mp4,Spear parts.,Oh!,"00:07:45,360 --> 00:07:55,360"
32-012.mp4,What time does an ISIS member go to bed?,Usually crashes around to 9-11.,"00:08:37,360 --> 00:08:42,360"
32-013.mp4,What do you call a disabled supermodel?,Hot Wheels.,"00:09:30,360 --> 00:09:36,360"
32-014.mp4,Hot Wheels.,Ha-ha-ha.,"00:09:35,360 --> 00:09:39,360"
32-015.mp4,That's a great joke.,I thought it was great. You said fart.,"00:10:25,360 --> 00:10:37,879"
32-016.mp4,He got it.,He got it.,"00:11:16,360 --> 00:11:21,360"
32-017.mp4,"Oh, I got one.","Oh, I got one.","00:12:38,360 --> 00:12:42,360"
32-018.mp4,I did it!,I did it!,"00:15:56,360 --> 00:15:58,360"
32-019.mp4,I did it!,I did it!,"00:15:56,360 --> 00:16:00,360"
33-001.mp4,They should be called sausage steels.,I love it.,"00:01:08,000 --> 00:01:16,000"
33-002.mp4,That's that dumb.,I love it.,"00:01:14,000 --> 00:01:16,000"
33-003.mp4,That's the joke.,Yay.,"00:02:58,000 --> 00:03:04,000"
33-004.mp4,That's the joke.,Yay.,"00:03:00,000 --> 00:03:04,000"
33-005.mp4,Thanks.,I loved it.,"00:02:34,000 --> 00:02:36,000"
33-006.mp4,"That's very funny, Maddie.",Thank you.,"00:05:05,000 --> 00:05:11,000"
33-007.mp4,"So when my uncle Frank died, he wanted his remains to be buried in his favourite bear mug.",His last wish was to be Frank and Stein.,"00:07:00,500 --> 00:07:12,500"
33-008.mp4,His last wish was to be Frank and Stein.,That's really good.,"00:07:07,500 --> 00:07:14,500"
33-009.mp4,I call it my nicotine passions.,I like it.,"00:08:49,500 --> 00:08:57,500"
33-010.mp4,"If we don't get the proper support, people are going to think they're nuts.",That's good.,"00:09:13,500 --> 00:09:22,500"
33-011.mp4,You put in spring water.,Oh my god.,"00:09:25,500 --> 00:09:36,500"
33-012.mp4,That's a good one.,That's still the first one as well.,"00:11:24,500 --> 00:11:30,500"
33-013.mp4,Where does someone go if they injure themselves during a game of pickle boot?,I hate that I laughed at that.,"00:11:56,500 --> 00:12:14,500"
33-014.mp4,I met a guy from North Korea and asked him what his country was like.,Well he said he can't complain.,"00:12:24,500 --> 00:12:35,500"
33-015.mp4,Well he said he can't complain.,I knew it.,"00:12:32,500 --> 00:12:41,500"
33-016.mp4,What's the difference between Batman and a black man? Batman can go out at night time without Robin.,That's a good joke.,"00:12:44,500 --> 00:13:00,500"
33-017.mp4,I got fired from my job for prank calling 911.,My boss told me it was just plain wrong.,"00:13:11,500 --> 00:13:20,500"
33-018.mp4,My boss told me it was just plain wrong.,That's a great joke.,"00:13:16,500 --> 00:13:23,500"
33-019.mp4,"A grasshopper walks into a bar and the bartender says, Hey, we've got a drink named after you.","A grasshopper says, you got a drink named Steve?","00:13:31,500 --> 00:13:40,500"
33-020.mp4,"Oh, yeah.",It was the delivery.,"00:13:45,500 --> 00:13:47,500"
33-021.mp4,Happy Father's Day.,"Oh, my fucking God.","00:14:12,500 --> 00:14:16,500"
33-022.mp4,What?,Happy Father's Day.,"00:14:11,500 --> 00:14:13,500"
33-023.mp4,You were really good.,"Oh, my God.","00:15:11,500 --> 00:15:19,500"
33-024.mp4,He's so cute.,"Oh, okay.","00:16:00,940 --> 00:16:03,279"
33-025.mp4,A creepy crawly.,Oh!,"00:17:02,460 --> 00:17:05,460"
33-026.mp4,You're up for joke to me.,You did it.,"00:18:06,460 --> 00:18:09,460"
33-027.mp4,"So Mickey Mouse gets a call from his lawyer. That tells him, Mickey, I'm sorry, you can't divorce Minnie just because she's funny.",I said she was fucking goofy.,"00:18:56,460 --> 00:19:09,460"
33-028.mp4,I said she was fucking goofy.,No!,"00:19:07,460 --> 00:19:10,460"
33-029.mp4,Does that have to laugh at that boy?,I love that boy.,"00:19:10,460 --> 00:19:15,460"
33-030.mp4,That's a great joke.,Why are there no pharmacies in Africa?,"00:19:50,460 --> 00:19:54,460"
34-001.mp4,"Alright, I'll see your chicken joke.",Yay!,"00:01:30,000 --> 00:01:34,000"
34-002.mp4,"Alright, I'll see your chicken joke.",Yay!,"00:01:30,000 --> 00:01:34,000"
34-003.mp4,I brought my other chocolate blasts too.,So did I.,"00:03:03,000 --> 00:03:07,000"
34-004.mp4,So did I.,This is fun.,"00:03:05,000 --> 00:03:11,000"
34-005.mp4,You refuse too. I refuse to laugh at that.,"Oh, fuck it!","00:04:01,000 --> 00:04:09,000"
34-006.mp4,It's not bad.,Woohoo!,"00:04:13,000 --> 00:04:17,000"
34-007.mp4,It's not bad.,Woohoo!,"00:04:15,000 --> 00:04:19,000"
34-008.mp4,Take it up here.,Yeah!,"00:05:43,000 --> 00:05:47,000"
34-009.mp4,Yeah!,Woo!,"00:05:45,000 --> 00:05:49,000"
34-010.mp4,She gave me a wool hand job.,"Oh, my God.","00:06:13,000 --> 00:06:17,000"
34-011.mp4,It's over for us.,Woo!,"00:06:25,000 --> 00:06:29,000"
34-012.mp4,What?,"I laughed, I laughed.","00:08:15,000 --> 00:08:19,000"
34-013.mp4,Here you are.,"What? I laughed, I laughed.","00:08:15,000 --> 00:08:19,000"
34-014.mp4,"when I take a shot, she takes a shot.",That's fun.,"00:09:55,000 --> 00:09:59,000"
34-015.mp4,"when I take a shot, she takes a shot.",That's fun.,"00:09:53,000 --> 00:09:57,000"
34-016.mp4,I come from the land down under.,I feel like I do those layers better than those trillion people.,"00:10:51,000 --> 00:10:55,000"
34-017.mp4,He's bucking bananas.,They love that.,"00:12:05,000 --> 00:12:11,000"
34-018.mp4,That's good.,He loved it.,"00:12:15,000 --> 00:12:19,000"
34-019.mp4,Drink every time.,I love this.,"00:12:23,000 --> 00:12:27,000"
34-020.mp4,I love this.,I love this.,"00:12:25,000 --> 00:12:29,000"
34-021.mp4,She's a friend of mine.,Yeah!,"00:13:55,000 --> 00:13:59,000"
34-022.mp4,You're on the team.,What did this idol film star have for lunch?,"00:14:01,000 --> 00:14:05,000"
34-023.mp4,Five guys.,There's two different girls!,"00:14:06,000 --> 00:14:12,000"
34-024.mp4,There's two different girls!,Oh!,"00:14:08,000 --> 00:14:14,000"
34-025.mp4,Oh!,Yeah!,"00:14:12,000 --> 00:14:16,000"
34-026.mp4,It won.,Yeah!,"00:14:20,000 --> 00:14:24,000"
34-027.mp4,You're on the team.,What did this idol film star have for lunch?,"00:14:01,000 --> 00:14:05,000"
34-028.mp4,It won.,Yeah!,"00:14:20,000 --> 00:14:24,000"
34-029.mp4,He's on the team.,Yeah!,"00:14:36,000 --> 00:14:44,000"
34-030.mp4,Oh I love you man.,I have a chance at my mom.,"00:14:54,000 --> 00:14:58,000"
34-031.mp4,I have a chance at my mom.,Woo!,"00:14:56,000 --> 00:15:00,000"
34-032.mp4,I have a chance at my mom.,Woo!,"00:14:56,000 --> 00:15:00,000"
34-033.mp4,At least you know the thumb man.,Woo!,"00:15:06,000 --> 00:15:10,000"
35-001.mp4,We've got something very special for you.,Let's go!,"00:00:25,000 --> 00:00:57,500"
35-002.mp4,I've actually booked a helicopter ride through the Grand Canyon.,"Yeah, yeah.","00:02:41,500 --> 00:02:46,500"
35-003.mp4,Peyton's been talking about how she's brought all these jokes today.,I'm very excited to hear these.,"00:03:52,500 --> 00:03:56,500"
35-004.mp4,Peyton's been talking about how she's brought all these jokes today.,So I'm very excited to hear these.,"00:03:48,500 --> 00:03:54,500"
35-005.mp4,You're a good girl.,Yeah.,"00:04:46,500 --> 00:04:50,500"
35-006.mp4,Timmy got Matt debut.,Wow.,"00:07:12,500 --> 00:07:16,500"
35-007.mp4,It was great.,It was awesome.,"00:08:22,500 --> 00:08:28,500"
35-008.mp4,I did that.,That's a great thing.,"00:08:52,500 --> 00:08:56,500"
35-009.mp4,"In Australia, we just call them Indians.","Oh, my gosh.","00:11:33,299 --> 00:11:45,100"
35-010.mp4,"Oh, he got me staring down.",That was a great joke.,"00:11:48,100 --> 00:11:51,100"
35-011.mp4,"Good one, Ian.",I like that one.,"00:12:06,299 --> 00:12:08,299"
35-012.mp4,"Ah, I like it.",I love Americans.,"00:12:25,099 --> 00:12:30,099"
35-013.mp4,"That was a great, great.",I'm so good.,"00:13:39,299 --> 00:13:42,299"
35-014.mp4,An ukulele.,That's so good.,"00:13:54,299 --> 00:14:01,299"
35-015.mp4,"OK, what do you call an atomic bomb in Hawaii?",That's so good.,"00:13:50,299 --> 00:14:01,299"
35-016.mp4,I haven't seen that much wasted muscle since I looked at Michael J. Fox.,Oh!,"00:14:24,299 --> 00:14:34,299"
35-017.mp4,Because he only got 50% of the chip.,"Hey, you know what I love?","00:14:50,299 --> 00:14:58,299"
35-018.mp4,They're so cute.,I love foxes.,"00:14:37,299 --> 00:14:40,299"
35-019.mp4,They're pussy knocked me out.,Get it!,"00:17:14,299 --> 00:17:28,299"
35-020.mp4,They're pussy knocked me out.,Get it!,"00:17:14,299 --> 00:17:28,299"
35-021.mp4,Because they have a history of separating colors.,"Oh, yeah.","00:18:10,299 --> 00:18:16,299"
35-022.mp4,I've never watched a funny game of hungry hippos.,"Oh, my God.","00:19:00,299 --> 00:19:04,299"
35-023.mp4,"Uh, George Washington, that probably had wooden teeth, which made it really hard when he ate the beaver.","Dude, that was fine.","00:20:41,299 --> 00:20:55,299"
36-001.mp4,A zebra.,That's super close.,"00:01:00,320 --> 00:01:04,319"
36-002.mp4,"As she died, she kept telling us to be positive.",Oh my god.,"00:03:50,319 --> 00:03:59,319"
36-003.mp4,"As she died, she kept telling us to be positive.",Oh my god.,"00:03:50,319 --> 00:03:59,319"
36-004.mp4,And Henry has two big pairs of hairy balls.,It was the two pairs for me.,"00:05:44,319 --> 00:06:02,319"
36-005.mp4,"Now, did you hear Princess Diana was on the radio the other day?","Oh, nice.","00:06:22,319 --> 00:06:27,319"
36-006.mp4,And the dashboard and the windscreen.,That was good.,"00:06:27,319 --> 00:06:40,319"
36-007.mp4,A redneck walked into a protest and immediately got called a racist.,That was good.,"00:06:44,319 --> 00:07:02,319"
36-008.mp4,"Now, did you hear Princess Diana was on the radio the other day?","Oh, nice.","00:06:22,319 --> 00:06:27,319"
36-009.mp4,That was a good one.,I ran that one.,"00:09:54,320 --> 00:09:59,320"
36-010.mp4,That was a good one.,I ran that one.,"00:09:54,320 --> 00:09:59,320"
36-011.mp4,This is the best episode ever.,"I was like, wow.","00:11:29,320 --> 00:13:06,320"
36-012.mp4,"And a friend said, hey, that's actually her number.",29.,"00:13:06,320 --> 00:13:14,320"
36-013.mp4,"Yes, what do you call a Mexican baptism?",A baptism.,"00:13:10,320 --> 00:13:15,320"
36-015.mp4,We're all bitch.,Woo!,"00:14:37,320 --> 00:14:40,320"
37-001.mp4,I got her.,I've won!,"00:00:23,000 --> 00:00:27,000"
37-002.mp4,Matt wins.,Yeah!,"00:00:33,000 --> 00:00:38,000"
37-003.mp4,Mini golf.,Cute.,"00:01:13,000 --> 00:01:15,000"
37-004.mp4,None of them are straight.,Yeah.,"00:03:04,919 --> 00:03:07,919"
37-005.mp4,None of them are straight.,I like that one.,"00:03:04,919 --> 00:03:11,919"
37-006.mp4,Megabytes.,"Yeah, nice.","00:03:47,919 --> 00:03:49,919"
37-007.mp4,Megabytes.,"Yeah, nice.","00:03:47,919 --> 00:03:49,919"
37-008.mp4,Also get yourself four months for free.,Yee!,"00:04:26,920 --> 00:04:36,920"
37-009.mp4,"Oh, that's...","Oh, my God.","00:05:09,920 --> 00:05:13,920"
37-010.mp4,Because it was a bono.,I love bono stuff.,"00:05:00,920 --> 00:05:03,920"
37-011.mp4,"Oh, that's...",That's so good.,"00:05:09,920 --> 00:05:14,920"
37-012.mp4,"Yep. Cool. So I got kicked out of the hospital one time. Apparently, the sign for Stroke patients here meant something totally different.","Hi, that was a good one.","00:06:28,920 --> 00:06:42,920"
37-013.mp4,"To get that one, she's jerking them off. Yeah, I get it. Never done it, but I get it.",Hahahaha!,"00:06:42,920 --> 00:06:51,620"
37-014.mp4,"Anel sex is a lot like Brussels sprouts. If you had it as a child, you weren't like it as an adult.",Hahahaha!,"00:06:56,520 --> 00:07:00,620"
37-015.mp4,You reload.,Oh!,"00:07:27,420 --> 00:07:30,920"
37-016.mp4,You reload.,Hahahaha!,"00:07:27,420 --> 00:07:31,920"
37-017.mp4,You reload.,Oh!,"00:07:27,420 --> 00:07:30,920"
37-018.mp4,You reload.,Hahahaha!,"00:07:27,420 --> 00:07:31,920"
37-019.mp4,You reload.,Yes!,"00:07:27,420 --> 00:07:33,920"
37-020.mp4,A butt load.,Hahahaha!,"00:07:58,120 --> 00:08:02,120"
37-021.mp4,High as fuck!,Hahahaha!,"00:08:10,120 --> 00:08:13,120"
37-022.mp4,High as fuck!,Hahahaha!,"00:08:10,120 --> 00:08:13,120"
37-023.mp4,And there's just something about the way she was counting the birds.,Yes!,"00:10:34,120 --> 00:10:48,120"
37-024.mp4,And there's just something about the way she was counting the birds.,Yes!,"00:10:34,120 --> 00:10:50,120"
37-025.mp4,And there's just something about the way she was counting the birds.,Yes!,"00:10:34,120 --> 00:10:52,120"
37-026.mp4,And there's just something about the way she was counting the birds.,Yes!,"00:10:34,120 --> 00:10:56,120"
37-027.mp4,I got you one ready.,"Oh, thank you.","00:11:12,120 --> 00:11:15,120"
37-028.mp4,where she is on her period?,Oh my god!,"00:14:45,120 --> 00:15:00,120"
37-029.mp4,That wins!,Wow!,"00:15:12,120 --> 00:15:18,120"
37-030.mp4,That was such a good joke!,"Yeah, that last joke is definitely worth more than one point.","00:15:23,120 --> 00:15:30,120"
37-031.mp4,That was such a good joke!,"Yeah, that last joke is definitely worth more than one point.","00:15:23,120 --> 00:15:30,120"
38-001.mp4,"Oh, that's great.","I'm back, baby.","00:02:54,680 --> 00:03:14,680"
38-002.mp4,"Oh, that's great.",It was just good.,"00:02:54,680 --> 00:03:09,680"
38-003.mp4,An LGBTQ.,It was just good.,"00:03:03,680 --> 00:03:09,680"
38-004.mp4,It just looks like my film.,Oh my god!,"00:04:03,680 --> 00:04:09,680"
38-005.mp4,Because you can get an extra four months for free using the link in the description below.,"Oh, use the QR code.","00:05:09,680 --> 00:05:15,680"
38-006.mp4,"No, that was good, that was funny, I like that.",What do you call a low budget terrorist attack?,"00:07:29,680 --> 00:07:39,680"
38-007.mp4,"Dude, you've done like 100 miles of me.",I'm so happy with these.,"00:11:12,679 --> 00:11:16,679"
38-008.mp4,"Dude, you've done like 100 miles of me.",I'm so happy with these.,"00:11:12,679 --> 00:11:16,679"
38-009.mp4,"That's not funny, I respect Asians.",That's funny!,"00:12:00,679 --> 00:12:03,679"
38-010.mp4,Is it you made me laugh from just being a dumb...,This is f***ing the X!,"00:12:41,679 --> 00:12:45,679"
38-011.mp4,Is it you made me laugh from just being a dumb...,This is f***ing the X!,"00:12:41,679 --> 00:12:45,679"
39-001.mp4,Good afternoon good morning good morning good afternoon good morning Matthew. How are you good morning?,"Yes, I am very good. I'm so excited. Yeah, I'm very good. I'm very very good. I'm excited. I'm nervous. I'm horny","00:00:28,280 --> 00:00:40,520"
39-002.mp4,That was really good. Thank you. That was really good. Mm-hmm. That was really good,Happy days cheers,"00:03:42,439 --> 00:04:19,439"
39-003.mp4,Here we go,Damn it all right,"00:03:21,240 --> 00:03:25,960"
39-004.mp4,Damn it all right,It's gonna be a very good day today,"00:03:23,960 --> 00:03:27,960"
39-005.mp4,That was really good. Thank you. That was really good. Mm-hmm. That was really good,Happy days cheers,"00:03:42,439 --> 00:04:19,439"
39-006.mp4,Here we go. Ready. Mm-hmm talking about circumcision. How do you circumcise a burden?,"Kick his sister in the jump fucking hell yeah, yeah, I think we're not new to this","00:06:19,079 --> 00:06:28,719"
39-007.mp4,"Kick his sister in the jump fucking hell yeah, yeah, I think we're not new to this","Wow, can I get it? Let me do it. I got it","00:06:24,439 --> 00:06:35,000"
39-008.mp4,Yeah?,That's so fun.,"00:11:04,200 --> 00:11:10,200"
39-009.mp4,"I'm just looking at...oh man, it was such a good time.",Yeah!,"00:11:22,200 --> 00:11:28,200"
39-010.mp4,"I'm just looking at...oh man, it was such a good time.",Yeah!,"00:11:22,200 --> 00:11:28,200"
39-011.mp4,"Oh, this is good shit!","Oh, that one tastes like medicine.","00:11:48,200 --> 00:12:00,200"
39-012.mp4,Because that was funny.,I didn't say it coming.,"00:12:42,200 --> 00:12:46,200"
39-013.mp4,Don't do a snake attack on me.,Because that was funny.,"00:12:40,200 --> 00:12:44,200"
39-014.mp4,Then why didn't you get me in this area?,"This is so much fun, dude.","00:13:42,200 --> 00:13:46,200"
39-015.mp4,I win 13.,Huh!,"00:14:46,200 --> 00:15:04,200"
39-016.mp4,He has old hobbits die hard.,Thank you.,"00:15:58,200 --> 00:16:04,200"
39-017.mp4,Thank you.,Thank you.,"00:16:02,200 --> 00:16:06,200"
39-018.mp4,I got two from two.,You sat on there.,"00:16:20,200 --> 00:16:24,200"
39-019.mp4,Congratulations.,Yeah!,"00:16:06,200 --> 00:16:10,200"
40-001.mp4,for his new role as a tribal warrior.,Yeah!,"00:00:06,560 --> 00:00:12,599"
40-002.mp4,What do you call the wife of the hippie?,Mississippi.,"00:01:21,759 --> 00:01:27,760"
40-003.mp4,What do you call the wife of the hippie?,I laughed for that a bit.,"00:01:21,759 --> 00:01:31,760"
40-004.mp4,What do you call the wife of the hippie?,I laughed for that one like 2am last night.,"00:01:21,759 --> 00:01:33,760"
40-005.mp4,"But now, with the performance package, 5.0 Ultra, everything's changed.",Wow.,"00:03:54,759 --> 00:04:03,759"
40-006.mp4,We did it.,Ooh.,"00:05:01,759 --> 00:05:20,759"
40-007.mp4,We did it.,Ooh.,"00:05:01,759 --> 00:05:21,759"
40-008.mp4,A virgin mobile.,I really like that.,"00:07:33,759 --> 00:07:40,759"
40-009.mp4,What do you get if someone comes in your eye?,"Good, Dom.","00:13:47,759 --> 00:13:51,759"
41-001.mp4,Because he had low alpha steam.,Oh!,"00:01:22,480 --> 00:01:26,480"
41-002.mp4,Because he had low alpha steam.,Oh!,"00:01:22,480 --> 00:01:26,480"
41-003.mp4,Because they were missled toly.,Mmm.,"00:02:05,480 --> 00:02:08,480"
41-004.mp4,What do you call an elf wearing earmuffs?,A c*****.,"00:03:07,479 --> 00:03:13,479"
41-005.mp4,What's the difference between a priest and Woody from Toy Story?,Woody goes limp with a child into the room.,"00:03:22,479 --> 00:03:33,479"
41-006.mp4,Woody goes limp with a child into the room.,"Ah, ha, ha, ha.","00:03:30,479 --> 00:03:39,479"
41-007.mp4,What do you call an elf wearing earmuffs?,A c*****.,"00:03:07,479 --> 00:03:13,479"
41-008.mp4,What's the difference between a priest and Woody from Toy Story?,"Ah, ha, ha, ha.","00:03:22,479 --> 00:03:39,479"
41-009.mp4,Because it's been good looking good.,Oh my god.,"00:05:07,480 --> 00:05:13,480"
41-010.mp4,Oh my god.,"Yes, that is good.","00:06:40,480 --> 00:06:44,480"
41-011.mp4,Neil Armstrong walked on the moon and Michael Jackson had sex with children.,I can't look at you.,"00:07:15,480 --> 00:07:27,480"
41-012.mp4,Because two wongs don't make a white.,"Oh, that's so good.","00:08:52,480 --> 00:09:02,480"
41-013.mp4,Because they have no one to call daddy.,That's a really good joke.,"00:08:02,480 --> 00:08:12,480"
41-014.mp4,Because two wongs don't make a white.,"Oh, that's so good.","00:08:52,480 --> 00:09:02,480"
41-015.mp4,"I eat mop, who?",That's great.,"00:13:42,480 --> 00:13:45,480"
41-016.mp4,"I said, I don't even know he played cricket.",That's that one.,"00:14:18,480 --> 00:14:26,480"
41-017.mp4,I heard that one.,That's great.,"00:14:21,480 --> 00:14:31,480"
41-018.mp4,"My girlfriend asked me, have you seen the dog bowl?","I said, I don't even know he played cricket.","00:14:14,480 --> 00:14:21,480"
41-019.mp4,"I said, I don't even know he played cricket.",That's great.,"00:14:18,480 --> 00:14:31,480"
41-020.mp4,Why can't Stevie Wonder see his mates?,Till his blind.,"00:15:00,480 --> 00:15:09,480"
41-021.mp4,They're both leaking trans food.,Oh my god.,"00:16:19,480 --> 00:16:26,480"
41-022.mp4,That's great.,I also loved it.,"00:15:49,480 --> 00:15:55,480"
41-023.mp4,Because he only comes once a year.,Wow.,"00:18:51,480 --> 00:19:08,480"
41-024.mp4,So I just came in my pants.,That's really great.,"00:19:24,480 --> 00:19:33,480"
41-025.mp4,Because they're veteran Aryans.,I get a very...,"00:19:57,480 --> 00:20:08,480"
41-026.mp4,So I just came in my pants.,That's really great.,"00:19:24,480 --> 00:19:33,480"
41-027.mp4,Why are retired Nazis so good with animals?,Because they're veteran Aryans.,"00:19:52,480 --> 00:20:02,480"
41-028.mp4,Because she can wash her crack and reuse it.,"I love it, no one's laughing at everyone's clifing.","00:21:11,480 --> 00:21:21,480"
41-029.mp4,I hate that I love that.,We love you guys.,"00:21:57,480 --> 00:22:09,480"
41-030.mp4,11 or 8.,I won.,"00:22:30,480 --> 00:22:36,480"
42-001.mp4,I am good.,You're good? I'm great.,"00:00:25,000 --> 00:00:28,000"
42-002.mp4,I see it was jacking him.,"Yeah, sick.","00:02:12,000 --> 00:02:17,439"
42-003.mp4,"Yeah, sick.",That's good.,"00:02:15,439 --> 00:02:19,439"
42-004.mp4,That's good.,I like it.,"00:02:18,439 --> 00:02:20,439"
42-005.mp4,I like it.,"Yeah, that's good.","00:02:19,439 --> 00:02:21,439"
42-006.mp4,"Yeah, that's good.",That's pretty funny.,"00:02:20,439 --> 00:02:22,439"
42-007.mp4,Because he used the hot R.,Nice.,"00:04:28,120 --> 00:04:31,120"
42-008.mp4,Because he used the hot R.,Nice.,"00:04:28,120 --> 00:04:31,120"
42-009.mp4,What just snakes call it when they do 69 what 11?,That's pretty good. That's pretty good,"00:06:16,159 --> 00:06:24,120"
42-010.mp4,What just snakes call it when they do 69 what 11?,That's pretty good. That's pretty good,"00:06:16,159 --> 00:06:24,120"
42-011.mp4,Why don't they teach drivers ed and sex education on the same day in the Middle East?,Why? Because it wears out the camel,"00:06:28,399 --> 00:06:36,239"
42-012.mp4,What do you call a bug that lets you fuck its wife a,Cockaroch,"00:07:53,160 --> 00:08:00,280"
42-013.mp4,Cockaroch,That's good that's good,"00:07:58,280 --> 00:08:04,879"
42-014.mp4,What do you call a party with a hundred dwarves? What a little get together,"I like it. I heard about a tattoo place that was giving out free tattoos to women who would flash their boobs. Is that why you have all your tattoos? Yeah, it was that tattoo for tattoo special","00:08:18,639 --> 00:08:42,440"
42-015.mp4,What's the difference between white owls and black owls?,"White owls go, whoo-toot! And black owls go, what up dog?","00:09:31,440 --> 00:09:41,440"
42-016.mp4,what up dog?,"That can be a man really, that's good.","00:09:39,440 --> 00:09:49,440"
42-017.mp4,What's the difference between white owls and black owls?,"That can be a man really, that's good.","00:09:31,440 --> 00:09:49,440"
42-018.mp4,What?,That's really funny.,"00:11:21,440 --> 00:11:27,440"
42-019.mp4,That was great.,Oh my god.,"00:11:41,440 --> 00:11:55,440"
42-020.mp4,I'm Andy.,Welcome to my screen call.,"00:14:25,440 --> 00:14:29,440"
42-021.mp4,Welcome to my screen call.,Fantastic.,"00:14:27,440 --> 00:14:31,440"
43-001.mp4,See this paper rock?,Yes!,"00:01:34,480 --> 00:01:38,480"
43-002.mp4,Yes!,"Cookie, it was a cookie.","00:01:39,480 --> 00:01:41,480"
43-003.mp4,See this paper rock?,Yes!,"00:01:34,480 --> 00:01:38,480"
43-004.mp4,See this paper rock?,Yes!,"00:01:34,480 --> 00:01:40,480"
43-005.mp4,A nectarine!,What is a vampire's favorite part of sex?,"00:02:13,480 --> 00:02:22,480"
43-006.mp4,A nectarine!,You're funny.,"00:02:13,480 --> 00:02:44,479"
43-007.mp4,What do you call an Asian chihuahua?,A kunichiwawa.,"00:04:31,480 --> 00:04:39,480"
43-008.mp4,"Why did the vampire leave his job at the blood bank, and get a new job at the sperm bank?",Because he was tired of sucking next.,"00:06:41,480 --> 00:06:51,480"
43-009.mp4,He wanted to suck some fucking shit out.,That was so bad.,"00:06:51,480 --> 00:06:55,480"
43-010.mp4,"But I didn't have any brown paint, so I used a piece of shit.",[Laughter],"00:08:28,480 --> 00:08:33,480"
43-011.mp4,It's becoming a sergeant pants.,That's good.,"00:09:11,480 --> 00:09:17,480"
43-012.mp4,What do you call it when a criminal stops an Asian from shitting?,"Yeah, that's really good.","00:09:37,480 --> 00:09:49,480"
43-013.mp4,Because everyone looks like their sister.,Oh my god.,"00:12:27,480 --> 00:12:51,480"
43-014.mp4,"So she goes to Um zip his pants and she goes, is it really true what they say about Asian men?",Oh my god.,"00:13:19,480 --> 00:13:33,480"
43-015.mp4,I tried that at the laugh in zero laughs.,I like it.,"00:13:49,480 --> 00:13:55,480"
43-016.mp4,What happens when a gay person gets tired during the Maddie Grah parade? They have to drink a gay to raid at the gay parade.,You know what?,"00:14:01,480 --> 00:14:15,480"
43-017.mp4,You know what?,I like it.,"00:14:13,480 --> 00:14:17,480"
43-018.mp4,Because he's dead.,That's funny.,"00:15:25,480 --> 00:15:31,480"
43-019.mp4,Because he's dead.,That's funny.,"00:15:25,480 --> 00:15:31,480"
44-001.mp4,"Oh, thanks, guys.","Oh, no.","00:00:21,000 --> 00:00:24,000"
44-002.mp4,Men usually miss them all.,You're laughing.,"00:01:10,000 --> 00:01:28,000"
44-003.mp4,My dog returned home after going for a walk.,Oh.,"00:03:39,000 --> 00:03:42,000"
44-004.mp4,Oh.,It's good.,"00:03:41,000 --> 00:03:45,000"
44-005.mp4,My dog returned home after going for a walk.,Oh.,"00:03:39,000 --> 00:03:42,000"
44-006.mp4,"Well, what's the difference between Iron Man and Iron Woman?","One's a superhero, one's a command.","00:05:44,000 --> 00:05:50,000"
44-007.mp4,"One's a superhero, one's a command.",I really like that one.,"00:05:47,000 --> 00:05:59,000"
44-008.mp4,"One's a superhero, one's a command.",That's great.,"00:05:47,000 --> 00:06:01,000"
44-009.mp4,"It's good one, I really like that one.",I really like that one.,"00:06:10,000 --> 00:06:14,000"
44-010.mp4,I really like that one.,That's great.,"00:05:56,000 --> 00:06:01,000"
44-011.mp4,Because pictures be crazy.,I like them.,"00:07:35,000 --> 00:07:40,000"
44-012.mp4,Because pictures be crazy.,I like them.,"00:07:35,000 --> 00:07:40,000"
44-013.mp4,Why do you never find petafiles and bars?,"Oh, yeah.","00:10:40,000 --> 00:10:44,000"
44-014.mp4,Love you.,I don't think I've ever laughed up much in one of these.,"00:14:09,000 --> 00:14:15,000"
44-015.mp4,"I did the couch, the day from first shot.",Love you.,"00:14:03,000 --> 00:14:11,000"
45-001.mp4,You look beautiful.,Thank you.,"00:00:54,000 --> 00:00:56,000"
45-002.mp4,What do you call a woman who loves small dicks?,"Oh, that's me.","00:01:45,000 --> 00:01:57,000"
45-003.mp4,My girlfriend left me because she caught me in bed with some pasta.,Yes!,"00:04:23,439 --> 00:04:43,439"
45-004.mp4,You're so good.,I've been trying.,"00:04:54,439 --> 00:05:07,439"
45-005.mp4,"I wrote an anti-capitalist pasta sauce book, The Communist Manipesto.",You're so good.,"00:04:43,439 --> 00:05:00,439"
45-006.mp4,The walk.,"Erm, that's funny.","00:06:03,439 --> 00:06:10,439"
45-007.mp4,Lorraine broke up with me.,Because I can see Claire Lee now.,"00:06:58,439 --> 00:07:02,439"
45-008.mp4,"Because every time they're out of corner, they open a store.","Oh, it's like a Indians.","00:10:23,440 --> 00:10:31,440"
45-009.mp4,That is so much fun.,"Oh, my gosh.","00:12:29,440 --> 00:12:45,440"
45-010.mp4,That is so much fun.,It's all good.,"00:12:29,440 --> 00:12:35,440"
45-011.mp4,You were actually very good.,Oh. I love this.,"00:14:05,440 --> 00:14:11,440"
45-012.mp4,You were actually very good.,I feel like you should do the damn.,"00:14:07,440 --> 00:14:13,440"
45-013.mp4,"They both hold stiffs, but ones coming and ones going.","Okay, yeah, yeah, yeah.","00:14:35,440 --> 00:14:41,440"
45-014.mp4,"It's like, well, it's clear skies for the rest of the day.",Whoop-de-doo!,"00:15:17,440 --> 00:15:23,120"
45-015.mp4,I killed the one.,Woo!,"00:17:01,200 --> 00:17:04,200"
45-016.mp4,I killed the one.,Woo!,"00:17:01,200 --> 00:17:04,200"
